"RespondentID","Gender","Age","AgeGroup","EducationLevel","IncomeGroup","Income","CarOwnership","PrimaryMode","TripDistance_km","TripTime_min","TripsPerDay","YearsDriving","ResidentialZone","PS1","PS2","PS3","PS4","PS5","SQ1","SQ2","SQ3","SQ4","EA1","EA2","EA3","EA4","BI1","BI2","BI3","AB1","AB2","AB3"
1,2,32,2,3,3,41093,1,2,11.1,49,3,14,2,4,3,2,1,3,2,2,1,2,3,3,3,3,3,3,2,2,1,2
2,2,28,2,1,4,140769,0,4,35.7,145,1,6,1,4,2,2,4,1,3,3,4,2,2,2,1,2,5,3,4,4,4,4
3,1,46,4,3,1,9477,0,3,13,38,2,23,3,3,3,4,2,2,1,2,2,1,3,2,2,1,2,1,2,2,3,1
4,2,54,4,4,2,17564,0,1,12.6,43,3,32,2,3,2,3,2,2,1,1,1,1,2,1,2,3,3,2,2,2,3,2
5,1,32,2,5,3,48227,0,4,1.8,8,3,9,3,3,3,3,3,2,4,3,4,4,3,4,3,3,3,3,3,3,3,3
6,2,29,2,4,3,37689,1,3,23.3,67,2,7,1,3,3,3,4,1,3,4,2,3,2,2,2,2,4,4,2,3,3,2
7,1,20,1,4,4,136937,1,3,9.8,31,1,1,3,3,4,2,3,2,3,4,3,2,1,2,2,2,4,3,3,4,3,3
8,1,42,3,2,3,38949,0,1,23.5,64,2,23,2,3,2,2,2,2,4,3,2,3,3,2,3,1,4,4,2,2,4,2
9,1,44,3,4,3,32040,0,2,14.3,44,1,23,2,1,1,1,2,2,2,2,2,1,2,3,2,1,2,2,2,1,1,1
10,1,40,3,2,1,13002,0,1,29.1,87,2,19,1,2,1,1,1,2,3,3,1,2,4,3,5,2,3,3,2,3,3,3
11,1,25,1,4,3,32107,0,2,46.1,205,1,5,4,2,2,1,2,2,2,2,2,3,2,2,1,2,3,2,2,2,3,2
12,1,40,3,3,2,18841,0,2,8,25,2,18,3,3,3,2,3,2,4,4,2,4,3,3,2,2,3,2,1,2,1,2
13,1,19,1,1,2,15444,0,4,4,13,1,1,1,3,3,4,4,2,2,3,3,3,3,2,3,3,3,4,3,2,3,3
14,1,53,4,2,2,24902,0,1,6.2,16,3,34,1,2,3,3,3,2,3,3,3,2,3,3,4,2,4,4,3,3,2,2
15,1,30,2,4,4,91956,1,2,12.9,45,4,9,2,1,1,1,1,1,1,1,1,1,2,2,1,2,1,1,1,1,2,2
16,1,31,2,3,2,29510,1,2,37,98,5,10,3,2,2,2,2,2,2,2,2,2,3,2,2,2,1,2,2,3,3,3
17,2,29,2,4,3,31984,0,1,11.9,53,4,9,1,2,2,2,2,2,2,3,2,1,2,3,2,4,1,2,2,3,3,3
18,1,47,4,5,2,15875,0,2,5.8,16,5,26,2,3,2,3,3,2,3,3,3,3,4,4,2,3,3,2,2,4,3,3
19,1,40,3,5,3,48059,0,4,7.4,27,3,22,4,2,1,1,1,1,3,3,2,3,3,1,2,3,2,1,2,1,2,1
20,1,32,2,3,2,26607,0,1,14.2,61,1,10,1,1,1,1,2,1,1,2,2,1,2,2,2,1,3,1,1,3,2,2
21,1,22,1,2,3,41789,0,2,48.2,164,3,3,1,3,3,2,4,1,2,4,4,2,3,3,3,3,3,4,4,3,2,3
22,1,56,5,4,2,27490,0,1,16.1,67,4,34,1,2,3,2,2,2,3,3,2,2,3,4,3,3,3,3,3,2,2,2
23,1,33,2,4,2,23945,0,3,14.5,66,3,11,1,3,4,2,3,2,4,3,2,3,3,3,4,3,4,4,4,4,5,4
24,1,34,2,3,2,28251,0,2,4.1,13,6,16,1,2,3,2,3,2,2,3,3,2,4,2,3,3,2,2,2,4,2,2
25,1,34,2,3,3,44651,1,2,19,52,3,14,1,3,3,2,4,2,2,3,2,2,2,3,2,2,3,2,3,2,3,1
26,1,69,5,5,2,15580,0,4,11.8,30,2,47,2,2,1,2,2,2,1,3,2,2,2,3,2,2,1,2,1,3,2,3
27,1,24,1,4,3,41189,0,3,31.5,145,1,1,2,3,3,2,3,1,2,3,2,3,2,2,1,2,2,2,2,3,3,2
28,2,30,2,2,3,37634,0,3,8.6,26,2,12,1,3,3,2,4,2,3,2,3,2,3,3,3,3,2,2,2,2,2,3
29,1,29,2,4,3,38514,0,1,12.9,64,2,8,3,2,1,1,1,1,2,2,1,2,3,3,2,2,1,2,1,1,2,2
30,2,20,1,4,2,26975,0,3,45.3,192,2,1,2,2,2,1,2,3,2,4,3,2,4,4,4,2,3,3,3,3,3,4
31,2,50,4,4,3,44183,0,2,8.7,27,2,27,1,2,2,2,2,1,3,3,2,3,2,2,3,2,2,1,1,2,1,1
32,1,27,2,5,4,69523,1,3,7.1,23,5,5,1,3,1,2,2,1,2,2,2,1,3,3,2,2,2,3,3,3,2,3
33,1,20,1,3,2,27530,0,1,38.2,182,2,1,1,3,2,1,2,2,1,2,2,2,1,1,2,2,2,2,1,2,2,2
34,1,38,3,5,2,29189,0,2,6.6,29,3,19,3,3,3,2,3,3,3,3,3,3,4,4,4,4,3,3,3,3,4,2
35,2,32,2,5,NA,NA,0,3,11.6,38,2,12,3,2,3,2,2,2,2,1,2,2,4,3,3,3,2,1,2,1,1,1
36,1,38,3,3,4,66924,1,4,44.4,193,2,20,2,4,3,2,2,2,3,2,3,3,3,2,3,3,4,2,3,4,4,4
37,1,33,2,5,3,47483,0,4,70.5,344,1,11,2,3,2,3,3,2,3,2,3,2,3,4,4,3,3,2,3,2,2,2
38,1,40,3,3,1,13633,0,1,13.3,42,5,18,2,2,2,2,3,2,3,3,3,2,2,2,3,3,2,1,3,1,3,2
39,2,28,2,2,3,34092,0,1,5.8,21,6,10,2,3,3,2,2,1,2,1,2,2,2,1,1,1,3,2,1,2,3,3
40,1,27,2,2,4,102400,0,2,19.3,86,2,8,2,3,3,3,2,1,5,3,3,3,2,2,3,3,5,3,3,3,2,NA
41,1,28,2,4,3,41992,1,2,7.1,26,3,8,3,2,2,1,3,1,3,2,3,2,2,2,1,2,2,1,3,2,1,1
42,1,29,2,4,NA,NA,0,2,9.5,36,3,8,4,2,3,2,2,NA,2,3,2,3,4,3,3,3,3,2,3,3,1,2
43,1,41,3,2,1,13631,0,3,23.5,108,3,23,1,3,1,2,3,1,3,2,3,2,2,2,1,1,3,3,3,3,2,4
44,1,49,4,4,3,34992,1,2,13.9,52,3,28,1,4,4,3,3,4,3,3,3,3,3,3,2,1,4,3,3,3,4,3
45,1,29,2,4,2,27475,0,2,12.9,56,2,9,2,2,2,1,2,2,1,1,1,1,3,3,3,1,3,2,3,3,3,2
46,1,19,1,5,NA,NA,1,3,17.8,78,3,1,1,3,3,2,2,1,3,2,2,2,3,3,4,3,3,2,4,3,3,3
47,2,37,3,4,2,18839,0,1,11.8,35,3,19,1,2,4,2,4,3,2,2,2,2,3,3,2,1,2,3,3,2,1,3
48,2,31,2,4,2,15899,0,2,12.6,51,3,9,2,2,2,3,2,2,4,3,4,3,4,3,3,2,3,3,3,3,3,2
49,1,27,2,4,3,48898,0,2,12.9,48,3,4,1,3,3,3,3,2,2,2,2,2,3,2,2,1,3,1,3,2,2,2
50,1,27,2,5,2,19565,0,2,41.3,161,2,6,2,4,5,3,4,3,3,3,3,2,3,2,3,3,4,4,3,4,5,4
51,1,69,5,3,3,32794,0,1,10.5,48,1,47,3,3,1,2,2,1,5,3,2,2,3,4,3,3,3,3,2,3,4,3
52,1,28,2,4,4,61904,0,3,12.9,54,3,6,2,3,1,2,2,2,1,2,2,2,4,3,3,3,3,2,3,3,3,4
53,2,49,4,4,4,89584,1,2,19.2,73,3,29,3,1,2,1,1,NA,3,2,2,3,1,2,2,1,2,1,1,1,1,1
54,1,23,1,5,1,10521,0,2,35.7,120,3,2,3,2,2,1,2,1,2,3,2,1,3,3,3,2,2,1,2,1,1,2
55,1,20,1,4,2,23985,1,3,18.7,76,5,1,4,2,1,2,3,1,4,4,4,3,2,1,3,2,4,2,3,4,4,4
56,1,33,2,5,2,15595,0,2,3,9,2,12,1,2,1,2,1,2,1,2,2,2,2,1,2,1,3,3,2,2,2,1
57,2,40,3,4,3,43744,0,1,8.1,35,3,22,2,4,3,3,3,2,2,2,1,2,3,2,3,2,2,2,2,1,3,1
58,1,22,1,2,2,26423,0,2,38.3,137,3,1,1,3,3,1,3,2,4,3,3,3,3,3,2,2,2,2,2,2,4,NA
59,1,31,2,5,2,25402,0,2,6.5,32,3,12,1,3,2,3,3,3,3,3,4,3,3,3,3,1,3,3,1,3,4,3
60,1,50,4,4,2,29868,0,1,51.7,251,4,30,2,2,3,2,1,2,3,1,2,3,4,3,2,2,1,1,3,4,4,2
61,1,34,2,4,4,71711,1,2,34.2,139,2,16,2,5,4,3,4,3,3,4,3,3,4,3,2,2,5,4,4,3,4,3
62,2,37,3,4,2,22832,0,2,10,41,1,18,1,2,3,3,2,1,3,3,2,3,3,3,2,2,3,3,2,4,2,2
63,1,20,1,4,2,16791,0,2,27.3,76,2,1,1,4,3,3,3,3,1,2,2,1,2,3,3,2,2,4,2,3,3,2
64,1,37,3,4,3,36832,0,4,18.4,81,2,14,3,2,3,3,2,2,3,4,3,3,3,1,1,1,3,3,3,3,3,2
65,1,69,5,4,1,10262,0,3,28.2,111,3,49,1,3,3,2,4,2,2,3,3,2,3,3,2,2,4,2,2,2,2,1
66,2,30,2,3,2,19970,0,2,15.1,52,2,8,3,2,1,2,2,2,2,3,1,1,2,2,2,2,2,2,3,3,2,4
67,1,49,4,4,2,21955,0,1,53.7,192,3,26,4,1,2,1,1,1,2,1,2,2,2,2,3,1,1,1,1,2,1,2
68,2,40,3,5,NA,NA,1,1,13.5,64,5,20,3,3,3,2,1,2,3,2,2,2,3,4,4,3,2,2,3,1,2,1
69,2,18,1,4,1,11068,0,3,12.1,47,2,1,2,4,3,2,2,2,3,3,2,3,1,1,2,2,3,2,1,2,3,2
70,1,46,4,2,2,16320,0,1,16.3,54,2,27,2,1,2,1,1,1,1,1,1,1,1,1,1,1,1,1,2,2,2,1
71,1,34,2,3,1,8317,0,3,4.8,15,5,15,1,4,2,1,3,3,2,2,2,3,4,3,3,3,4,3,3,3,3,3
72,2,22,1,4,NA,NA,0,2,18.9,53,2,3,1,2,2,1,3,1,3,3,2,1,3,2,2,3,2,2,2,1,2,NA
73,1,28,2,3,4,63235,0,1,16.1,77,3,9,3,2,3,2,3,2,2,2,1,2,2,2,2,1,2,3,2,2,2,3
74,1,36,3,4,2,19510,0,1,6.7,32,2,18,1,2,2,2,3,2,1,3,1,2,1,2,1,2,3,2,2,2,4,3
75,2,63,5,5,2,15191,0,2,75.8,197,2,44,3,2,2,2,3,3,3,2,2,3,4,3,3,2,3,2,2,2,1,3
76,1,47,4,2,1,9288,0,1,6.8,30,2,29,1,2,1,1,2,1,4,4,3,2,4,3,4,3,4,3,2,2,3,4
77,1,24,1,5,4,85853,1,3,9,39,3,2,1,4,3,3,4,2,2,3,3,2,3,3,2,2,4,3,2,3,3,4
78,2,50,4,3,NA,NA,0,1,10.1,34,5,30,1,3,4,3,3,3,3,3,3,3,3,4,2,3,4,3,4,3,4,3
79,2,68,5,1,1,8390,0,1,14.7,65,3,45,2,2,2,2,2,2,3,3,3,3,2,1,1,2,3,2,2,1,1,2
80,1,31,2,5,2,22177,1,2,27.5,99,2,12,2,4,2,2,2,1,2,3,3,4,2,2,2,1,3,2,3,1,1,3
81,1,19,1,3,3,49424,1,1,4.5,19,2,1,3,1,2,2,2,1,1,2,3,1,1,1,1,1,2,1,2,2,2,2
82,2,28,2,3,2,25347,0,3,7.4,27,5,9,1,2,3,2,2,3,2,2,2,1,2,2,3,2,3,3,2,3,3,4
83,2,66,5,5,2,25071,1,2,3.6,16,2,43,1,4,4,2,2,4,4,3,2,2,3,2,2,2,4,3,2,3,2,3
84,1,32,2,4,4,66883,1,2,14.8,39,2,14,2,1,1,2,1,2,2,2,3,2,1,2,1,1,1,1,1,1,1,1
85,1,23,1,3,3,31841,1,3,4.3,16,5,1,1,2,3,1,3,3,4,2,2,4,1,1,2,1,4,4,2,3,3,3
86,2,18,1,4,2,28452,0,2,6.3,23,3,1,2,3,2,4,3,2,3,4,4,3,5,3,3,3,4,3,3,3,3,4
87,2,60,5,2,3,49389,1,4,56.6,197,2,38,3,3,3,2,3,2,3,2,2,2,2,2,1,1,3,2,4,3,4,2
88,2,33,2,4,1,10405,0,1,18.9,69,2,13,3,3,3,2,3,2,2,2,1,2,2,2,1,2,4,3,2,2,2,2
89,1,40,3,5,2,23015,1,1,41.4,169,2,20,4,3,3,1,2,2,2,2,2,2,2,1,1,2,2,2,2,1,1,1
90,1,69,5,4,2,23214,0,3,16.6,46,5,51,2,3,4,1,3,2,3,3,3,3,3,2,3,2,3,3,3,3,2,3
91,2,44,3,4,4,63910,1,2,9.1,41,2,22,3,2,1,2,4,1,2,3,2,2,2,1,3,1,2,2,3,1,1,1
92,2,27,2,4,2,27240,0,2,9.1,33,3,7,2,4,1,2,2,1,1,2,2,2,3,4,3,2,3,3,2,2,2,2
93,2,31,2,2,3,42908,1,1,20.3,98,3,12,1,3,1,1,2,2,3,3,1,2,2,3,2,1,1,2,2,2,3,2
94,1,44,3,5,2,18658,0,1,7.6,37,5,21,1,3,4,2,3,4,3,3,2,1,2,2,1,1,3,2,2,1,2,2
95,1,40,3,4,3,48991,0,3,10.4,27,3,17,3,2,2,2,3,3,3,3,3,3,3,4,3,3,4,3,3,1,3,3
96,2,21,1,3,3,39505,0,1,12,33,2,1,4,1,2,2,1,1,3,4,2,3,3,3,3,2,2,2,2,2,2,2
97,1,28,2,4,3,49300,1,3,21.9,86,2,6,2,3,1,2,1,1,3,2,2,3,1,2,1,2,3,2,1,1,1,NA
98,1,45,3,2,1,14086,0,2,3,12,2,26,4,2,2,1,1,2,1,2,2,1,1,3,2,2,2,3,2,2,1,1
99,1,30,2,4,2,23186,0,3,29.6,101,2,12,2,3,3,3,3,1,2,3,2,2,2,2,2,1,2,3,2,3,3,3
100,1,26,2,5,2,19671,0,2,1.8,6,5,6,2,2,3,3,3,2,4,3,2,2,3,2,3,3,3,3,2,2,4,3
101,1,52,4,2,3,32171,0,3,18.5,86,2,29,4,3,3,4,3,3,4,4,3,4,4,4,3,2,4,4,3,4,4,4
102,1,34,2,2,1,14877,0,1,15.9,67,2,11,2,3,3,2,3,2,4,3,2,2,2,2,2,3,2,2,2,4,3,3
103,2,34,2,4,1,10104,0,2,12.7,42,4,12,1,3,2,2,2,2,4,3,2,3,3,3,4,1,3,3,2,4,2,3
104,2,32,2,3,4,116145,1,2,3.2,8,2,9,1,3,3,3,2,2,2,2,2,1,2,2,2,1,3,4,3,3,3,4
105,1,25,1,4,2,19300,0,1,70.8,261,3,7,4,1,1,1,1,1,2,2,2,1,2,2,2,1,2,2,2,2,2,2
106,1,24,1,3,4,89430,1,1,45.4,220,2,6,2,3,2,1,2,2,2,3,3,3,4,3,1,3,3,2,2,2,3,2
107,1,48,4,2,2,27116,0,1,3.5,14,2,27,2,3,2,3,3,2,1,1,2,1,2,2,1,1,2,1,1,2,1,2
108,1,32,2,4,2,29022,1,3,16.5,63,2,9,3,4,3,3,4,2,4,4,3,3,2,2,1,1,4,4,4,3,3,4
109,2,18,1,2,2,26086,0,1,8.8,33,4,1,4,2,2,3,3,2,2,2,2,1,3,3,2,2,2,2,2,1,3,2
110,2,30,2,5,NA,NA,1,1,6,18,2,11,3,1,3,1,3,2,3,3,3,3,3,3,2,1,3,2,1,2,2,2
111,1,20,1,4,1,11076,0,4,14.8,65,2,1,3,2,2,1,2,2,1,3,3,2,2,3,4,2,2,3,2,2,3,2
112,2,35,2,4,3,30469,0,3,16.2,44,1,12,2,3,3,3,3,2,3,5,4,4,3,4,3,4,4,2,3,3,4,2
113,1,35,2,3,4,69047,1,1,29.3,103,6,13,2,3,2,1,3,2,1,2,3,1,2,3,2,1,4,3,2,2,3,3
114,1,32,2,3,2,16889,0,1,29.9,115,3,13,3,3,2,1,1,2,3,3,2,2,3,2,2,3,3,5,3,4,3,4
115,2,28,2,4,2,26138,0,1,5.3,25,3,9,1,2,2,1,1,2,1,2,1,1,1,1,1,1,3,1,1,1,1,2
116,2,31,2,3,3,47631,0,2,39.1,136,3,11,4,3,1,2,2,2,3,3,3,3,2,2,2,2,1,2,2,2,1,1
117,1,44,3,4,1,8135,1,1,3.4,14,4,26,1,3,3,3,4,2,3,2,3,3,3,3,2,2,3,3,4,3,3,3
118,1,34,2,2,2,24563,1,1,17.2,74,2,15,4,2,1,3,2,2,4,3,3,4,3,2,2,1,2,3,2,2,1,2
119,2,39,3,4,1,14196,0,3,14.1,70,5,18,1,3,3,2,3,2,2,3,2,1,2,1,1,1,3,1,3,3,2,2
120,1,19,1,1,2,26343,0,1,16.8,45,3,1,2,3,4,3,4,2,1,2,2,2,3,3,4,2,5,2,3,3,3,3
121,1,32,2,2,NA,NA,0,4,9.1,39,3,11,1,3,2,2,3,1,1,2,2,1,2,3,3,2,3,2,2,2,3,3
122,2,26,2,3,1,10857,0,1,22.1,72,3,6,2,3,2,2,3,2,1,2,1,2,3,2,2,1,1,1,2,1,2,2
123,2,41,3,3,2,25519,0,3,45.8,216,3,21,1,2,2,2,1,2,3,2,3,1,2,1,1,1,2,2,3,2,1,2
124,2,38,3,4,3,31627,0,4,98.1,429,2,18,4,3,2,2,3,2,2,2,2,1,3,3,2,2,3,2,3,2,2,2
125,1,22,1,3,4,146739,1,3,5.9,22,5,3,1,2,2,1,2,1,3,3,3,3,3,2,2,3,2,3,2,1,2,2
126,1,36,3,4,3,30680,0,2,69,307,5,18,1,2,3,2,2,3,3,3,3,4,3,2,1,1,3,3,4,3,3,2
127,1,49,4,4,1,12948,0,1,3.5,9,2,27,3,1,1,1,2,1,2,3,1,2,2,2,1,2,3,1,3,2,2,2
128,1,32,2,3,1,12749,0,2,8.1,39,5,13,2,3,3,2,2,2,2,3,2,1,3,3,3,3,2,2,3,2,2,2
129,1,35,2,4,3,49901,0,2,8.4,27,1,15,3,2,1,2,3,1,4,3,2,3,4,4,3,4,3,4,2,4,3,4
130,2,45,3,5,NA,NA,0,1,17,55,2,24,3,4,2,1,3,2,1,2,2,2,3,1,3,2,3,2,3,2,2,1
131,2,36,3,5,3,42714,1,4,21.7,73,3,17,3,2,1,2,2,2,2,2,2,1,2,1,3,2,2,2,1,3,1,1
132,2,30,2,4,3,46995,0,3,11.6,33,5,9,1,4,2,1,3,2,2,3,2,3,3,3,2,2,3,3,3,4,2,3
133,2,45,3,4,NA,NA,0,2,12.1,31,2,23,2,3,1,3,1,2,1,2,2,1,3,2,2,2,2,3,2,2,2,1
134,1,48,4,1,2,27295,0,3,38.8,144,2,27,1,1,2,2,3,2,2,2,2,1,2,2,2,1,1,2,2,2,1,2
135,1,54,4,5,3,31626,0,2,12.8,54,4,36,2,4,4,3,3,2,3,3,2,3,3,3,2,4,4,3,3,2,2,3
136,2,39,3,3,NA,NA,0,2,13.5,49,5,16,3,1,1,2,3,2,2,4,3,2,2,2,2,2,2,4,2,2,2,4
137,2,25,1,2,3,30886,1,1,13.1,41,2,6,1,2,2,1,2,2,2,3,2,2,4,3,2,2,2,1,3,2,1,3
138,1,24,1,2,3,33317,0,3,11.6,47,3,5,4,3,3,3,2,2,2,2,2,2,2,2,3,1,1,3,1,3,2,3
139,2,37,3,5,NA,NA,0,4,4.4,18,3,19,3,2,2,1,2,3,3,4,4,2,4,3,3,3,3,2,3,3,3,3
140,2,19,1,5,4,133083,1,4,8.5,25,2,1,3,2,3,3,2,2,3,3,3,4,3,3,1,1,3,3,4,3,4,4
141,1,33,2,4,3,31576,0,2,11.5,40,3,12,1,3,2,3,4,2,3,2,1,3,1,2,1,2,3,4,3,2,2,2
142,1,29,2,4,3,47161,0,4,24.6,72,2,8,1,2,1,1,2,2,1,2,1,2,3,2,3,2,3,3,3,1,2,2
143,1,39,3,4,2,21666,0,2,4.3,21,6,19,4,3,1,1,1,3,1,1,2,1,3,3,2,1,2,1,1,2,2,2
144,2,42,3,2,4,64616,0,3,6.1,21,2,23,4,3,3,2,4,3,3,4,2,4,2,3,3,3,3,4,3,2,3,3
145,1,60,5,3,3,31213,0,2,4.4,11,3,39,2,3,2,1,2,3,3,4,2,2,3,1,3,4,2,2,1,1,1,1
146,1,20,1,5,2,28358,0,3,15,72,3,1,2,4,3,2,3,2,3,2,2,1,3,3,2,2,2,2,3,2,4,3
147,1,40,3,4,4,77152,1,1,6.5,23,3,17,3,4,3,2,3,3,3,4,3,3,3,3,3,3,3,3,3,4,3,3
148,2,27,2,3,4,70433,1,1,78.8,323,3,4,3,3,2,3,1,3,3,5,4,3,2,1,2,2,4,3,1,3,3,2
149,1,28,2,4,1,9462,0,1,18.8,83,1,8,1,4,3,3,2,2,2,3,2,3,1,1,2,3,4,2,3,1,1,2
150,1,20,1,5,2,20806,0,1,50.6,152,2,1,4,3,4,2,4,2,2,2,2,2,2,3,2,1,2,4,3,3,3,3
151,2,40,3,4,3,32218,0,2,19.4,54,2,21,2,2,2,2,2,2,1,1,1,1,2,2,3,2,3,3,3,2,4,4
152,2,34,2,3,2,18059,0,2,2.9,13,3,15,1,3,3,2,2,2,3,2,3,3,3,3,3,2,3,4,2,2,4,1
153,1,21,1,3,2,16590,0,3,35.3,91,2,1,1,4,4,4,4,3,4,4,4,3,4,2,3,2,5,5,3,4,3,3
154,1,41,3,3,2,20958,0,3,37.9,164,2,22,3,3,3,2,4,2,2,2,2,3,3,3,2,2,3,3,3,2,2,2
155,1,35,2,4,3,35088,0,1,28.7,135,2,14,1,2,2,1,2,1,3,2,3,2,4,4,3,4,3,3,2,3,3,2
156,2,43,3,4,2,16739,0,3,13.8,45,6,21,1,1,1,2,1,1,1,2,1,2,1,2,1,1,3,1,1,1,1,1
157,2,38,3,4,2,19088,1,2,3.9,14,5,16,1,3,2,1,3,2,2,4,2,3,3,3,2,2,4,2,3,1,1,1
158,2,23,1,4,2,21848,0,2,14.1,50,3,3,1,2,3,2,2,2,1,2,1,1,2,1,1,1,1,1,2,1,1,1
159,2,40,3,3,2,15890,0,1,4,15,2,20,1,2,2,2,1,3,3,3,3,3,3,3,3,3,4,4,4,2,3,3
160,1,54,4,2,2,25433,0,1,17.7,82,3,33,1,4,3,2,3,2,2,2,2,3,2,3,3,2,3,3,4,2,1,2
161,1,21,1,5,2,29578,0,2,47.1,153,2,2,3,4,2,2,4,3,2,3,2,2,4,3,2,3,4,4,3,3,4,2
162,1,19,1,2,2,22750,0,2,7.7,31,2,1,2,3,3,2,2,1,3,4,3,2,3,4,3,1,4,4,3,3,3,2
163,2,21,1,2,1,9683,0,1,25.9,115,3,1,1,3,3,2,3,2,2,2,2,3,2,2,2,1,2,2,2,3,3,1
164,1,33,2,4,2,24089,0,4,30.5,138,3,15,1,4,3,3,4,3,4,4,3,3,2,2,2,3,3,3,2,3,3,1
165,2,22,1,4,3,30673,0,1,62.2,217,2,1,3,3,3,1,2,2,3,2,2,3,1,1,1,1,2,2,3,1,1,1
166,2,38,3,5,2,25426,0,2,9.3,42,3,19,3,3,4,1,2,1,1,2,2,2,4,1,2,2,3,2,1,3,3,1
167,2,25,1,3,3,34910,1,3,31,131,5,5,3,3,3,2,3,2,3,4,4,3,3,2,4,2,4,3,4,3,3,4
168,1,42,3,4,2,29472,1,2,6.9,19,3,23,3,1,2,1,1,1,3,4,3,3,2,4,2,2,2,3,2,3,2,2
169,1,24,1,5,1,10350,0,3,6.1,21,3,4,3,4,3,2,5,3,3,3,3,3,3,3,3,2,4,2,3,2,4,2
170,1,27,2,5,4,100702,0,3,11.6,50,3,4,4,4,4,3,3,4,3,3,2,3,5,3,5,4,4,3,3,3,5,4
171,2,34,2,3,4,53293,0,4,13.5,46,3,15,1,2,2,3,3,1,3,3,2,2,2,2,2,2,2,2,3,3,2,4
172,1,22,1,4,2,29792,0,1,18,82,4,2,2,3,4,2,3,2,2,2,2,2,3,1,2,1,2,2,1,1,2,2
173,1,31,2,4,2,15413,0,3,30.2,127,4,9,1,2,2,2,2,2,2,2,2,2,4,3,3,2,4,3,3,4,4,3
174,2,42,3,3,2,16045,0,1,12.1,53,1,20,2,3,3,2,3,2,3,1,2,2,4,2,2,2,5,3,4,2,3,5
175,2,26,2,3,1,14533,0,3,2.1,9,4,8,2,3,2,2,3,2,3,4,4,2,3,3,4,4,3,3,2,3,2,1
176,1,25,1,2,2,28099,0,1,11.9,42,1,5,1,3,3,2,4,2,3,3,3,2,3,4,3,3,3,4,3,2,3,NA
177,1,30,2,2,2,24460,0,2,30.3,139,3,11,1,3,2,2,2,2,2,3,3,3,2,3,3,3,4,4,3,3,4,4
178,2,27,2,4,3,31229,1,4,10.3,30,3,6,2,3,4,2,2,2,3,2,1,1,3,2,3,3,4,3,3,2,1,2
179,1,43,3,3,2,22692,0,1,12.7,32,6,23,2,4,4,3,4,3,2,4,2,2,2,2,3,3,4,3,3,3,3,NA
180,1,22,1,1,2,23659,0,2,6.4,22,2,1,1,2,2,1,2,2,2,3,1,3,3,3,2,1,1,3,2,3,2,2
181,1,30,2,4,2,15380,0,4,11.5,43,3,11,3,3,2,2,3,2,1,2,2,3,4,3,3,3,3,4,2,2,3,3
182,1,32,2,4,4,132324,1,2,6.8,30,3,9,1,3,3,2,2,2,1,3,2,2,3,2,3,1,2,2,2,3,1,2
183,2,23,1,3,1,9940,1,2,8.4,21,4,5,2,4,3,2,3,2,2,3,3,2,3,2,3,2,3,2,2,2,2,3
184,1,22,1,3,2,16691,0,2,3.5,10,3,1,2,2,3,2,3,1,2,2,3,2,2,2,2,1,2,3,2,2,1,2
185,1,20,1,2,2,21292,0,2,6.4,31,1,1,1,2,1,2,3,1,1,3,2,2,3,2,2,1,4,2,3,2,3,3
186,1,37,3,4,2,26464,0,4,9.1,36,2,16,2,3,2,3,3,1,3,4,3,3,3,4,4,4,4,5,4,4,3,4
187,2,41,3,4,1,12340,0,1,20.7,83,2,22,4,4,2,2,3,2,2,3,3,3,2,2,1,1,3,1,3,1,2,3
188,1,61,5,3,1,12271,0,1,12.1,55,2,40,1,4,3,2,2,2,3,4,2,3,2,2,2,2,2,3,3,4,4,4
189,2,24,1,4,2,28556,0,2,19,62,3,5,3,1,3,3,3,1,3,3,2,3,4,3,5,3,3,3,2,3,2,2
190,1,54,4,4,NA,NA,1,2,16.3,52,3,36,2,2,3,3,3,1,3,4,3,3,3,3,4,2,4,3,3,2,4,2
191,1,54,4,4,1,10004,0,1,2.6,12,2,34,2,2,2,1,2,2,1,2,2,2,1,1,2,1,2,2,1,1,1,1
192,1,30,2,5,2,24457,1,1,13,52,2,8,2,3,2,1,2,1,1,2,1,1,4,3,3,3,2,2,3,1,2,1
193,1,46,4,2,4,78475,0,3,13.2,34,2,27,2,3,4,2,3,2,3,5,3,3,2,3,2,3,4,2,2,1,4,2
194,1,22,1,5,1,8760,0,4,12,38,3,4,2,3,3,3,3,2,5,4,2,4,4,2,3,2,5,5,4,4,5,3
195,1,26,2,5,4,56138,0,3,18.5,49,5,3,1,3,3,3,4,2,3,3,3,3,2,2,3,2,3,3,3,3,3,3
196,1,30,2,2,2,29122,0,1,6.7,20,2,7,1,2,2,2,3,2,1,2,1,2,3,3,2,2,3,2,2,2,2,2
197,1,28,2,2,2,28528,0,3,17.5,53,2,10,4,2,4,3,3,2,2,3,2,4,2,1,3,2,3,2,2,2,2,2
198,1,32,2,4,2,25091,0,4,27.3,85,3,10,3,3,3,2,3,3,4,4,4,3,2,2,2,2,4,3,3,4,3,4
199,1,44,3,5,4,137578,1,2,21,58,4,21,1,4,4,3,5,3,3,3,3,4,4,3,4,3,4,3,4,4,3,4
200,1,48,4,4,4,85815,1,3,7.3,26,2,27,4,2,1,1,3,1,1,1,1,1,1,1,1,1,2,1,1,1,1,2
201,1,37,3,2,4,68417,0,1,12.6,60,2,14,2,2,2,2,2,2,3,4,2,4,4,3,3,4,1,2,1,3,3,2
202,1,33,2,2,1,13692,0,1,3.2,11,2,12,1,3,2,2,1,2,2,2,2,2,3,2,2,2,3,2,2,1,2,1
203,2,44,3,4,2,27620,0,1,8,33,2,25,3,2,1,2,2,1,3,2,2,2,2,2,2,2,1,2,1,1,2,1
204,2,48,4,4,4,75980,1,3,53,139,2,27,1,2,3,3,2,2,2,2,2,3,3,2,2,2,1,1,2,1,1,1
205,1,40,3,2,1,8006,0,3,20.8,86,3,19,2,5,3,4,3,3,3,4,3,3,3,3,3,2,2,2,2,2,2,3
206,1,31,2,5,2,28064,0,2,8,30,5,10,3,3,1,1,1,1,1,3,3,2,3,4,3,2,3,3,2,1,1,1
207,2,30,2,3,1,13347,0,1,9.8,32,4,10,2,2,1,2,2,3,1,3,1,2,4,3,3,5,2,2,1,3,3,3
208,1,39,3,4,1,9543,0,1,8.6,38,3,19,1,3,2,3,2,3,2,3,1,3,2,3,2,2,3,3,3,3,3,2
209,1,29,2,1,2,15240,0,1,18.9,54,2,7,2,4,3,2,1,3,2,4,2,1,3,3,2,3,4,3,3,2,2,3
210,2,38,3,5,4,89903,1,3,7.6,30,5,19,4,3,3,3,2,3,2,3,3,3,2,2,1,1,3,2,2,2,3,1
211,2,34,2,5,4,110475,1,1,10.7,49,6,12,3,1,2,2,1,1,2,3,2,3,2,3,2,2,3,1,3,1,1,2
212,2,29,2,4,4,119283,0,3,23.5,100,2,6,1,3,2,3,3,2,2,3,2,2,3,2,3,2,2,3,4,2,3,2
213,2,33,2,3,3,31754,0,1,11.5,42,6,11,2,2,1,1,2,1,4,2,3,2,2,1,2,2,4,2,2,3,2,2
214,1,27,2,4,2,23251,0,2,10.6,40,2,5,3,1,1,1,1,1,2,2,2,3,4,3,3,4,2,2,2,3,3,3
215,2,49,4,5,1,14139,0,1,3.7,17,4,30,3,4,3,2,3,1,3,3,2,2,1,2,2,2,3,2,1,2,2,3
216,1,30,2,5,2,17512,0,4,13.8,68,2,12,1,3,3,2,2,2,3,2,3,3,3,4,3,2,3,2,4,3,2,2
217,1,57,5,5,1,9344,0,1,21.8,99,1,39,3,3,3,2,2,2,2,2,2,3,3,2,2,1,4,2,3,2,2,2
218,2,33,2,4,1,9511,1,4,11.9,52,1,14,4,3,3,1,3,3,2,3,3,3,3,4,3,5,3,3,3,2,3,4
219,1,26,2,4,2,15362,0,4,6.5,21,4,7,3,3,2,2,2,2,3,3,1,2,2,4,1,2,4,2,2,1,2,3
220,1,33,2,5,2,24545,0,1,20.1,99,2,12,3,3,2,3,3,2,2,3,3,2,3,2,2,3,3,2,2,2,2,2
221,1,21,1,4,2,23956,0,1,6.7,33,2,2,3,3,2,1,3,2,2,3,2,3,2,2,3,2,4,3,3,1,2,3
222,1,29,2,4,2,22521,0,3,17.3,71,3,8,1,3,3,3,4,2,3,3,3,3,2,3,2,2,4,3,4,4,5,4
223,2,37,3,2,1,9161,0,1,5.6,25,6,19,3,3,2,2,1,1,3,2,2,2,2,3,2,3,4,3,3,1,3,2
224,2,25,1,3,3,37333,1,4,22.2,88,3,2,2,4,2,2,3,1,3,1,2,2,2,3,2,2,3,2,3,3,3,1
225,2,33,2,4,2,15123,0,2,18.4,71,5,12,3,3,4,2,2,2,3,1,3,3,4,4,2,2,3,3,2,3,2,4
226,1,20,1,4,1,10043,0,3,5.5,24,3,1,2,3,3,2,3,1,1,1,1,2,3,2,2,4,2,1,3,2,2,2
227,1,20,1,3,3,38112,0,2,9,33,2,1,1,2,2,1,2,3,3,2,3,2,4,3,2,1,3,4,2,2,2,3
228,1,19,1,4,2,21870,0,2,18.5,53,2,1,3,3,3,3,3,2,3,3,2,2,3,1,1,2,4,4,2,3,4,3
229,1,29,2,3,4,59028,0,2,7.7,34,2,8,1,2,3,1,3,2,2,4,2,3,3,4,4,3,2,1,3,2,2,1
230,1,19,1,2,2,27241,0,1,13.6,61,2,1,3,3,2,3,4,3,3,3,2,2,2,2,2,1,2,3,3,3,3,2
231,2,31,2,3,3,36238,0,3,8.8,31,3,8,1,4,3,4,5,2,2,3,3,3,3,2,1,2,3,3,4,3,3,2
232,1,24,1,2,1,8804,0,4,10,46,2,5,2,3,3,2,3,2,3,3,2,2,3,3,2,2,1,3,2,2,1,1
233,2,63,5,2,NA,NA,0,4,10.8,43,2,45,3,3,2,1,2,2,2,3,2,3,2,3,2,2,3,2,2,2,2,2
234,2,19,1,4,2,19910,0,2,7.4,19,3,1,1,2,1,2,1,2,4,5,4,3,4,3,2,3,4,3,3,4,4,4
235,2,33,2,2,1,13384,0,3,17.8,88,2,13,2,3,4,2,3,1,3,3,3,2,3,3,3,2,2,2,2,2,2,1
236,1,37,3,4,3,40023,0,1,14.8,40,1,16,4,3,3,2,3,1,2,3,3,1,3,2,4,3,2,2,2,4,3,3
237,1,21,1,4,3,33870,1,1,20.6,90,2,1,3,3,2,3,3,3,2,4,3,3,1,3,3,2,1,2,2,3,2,3
238,1,24,1,4,2,26449,0,4,2,8,6,1,3,3,2,2,3,1,2,3,2,3,2,2,3,2,3,3,3,4,3,3
239,2,23,1,5,2,18475,1,2,7.9,20,2,5,1,3,3,3,3,1,4,2,2,2,3,3,3,3,3,3,2,3,3,2
240,2,42,3,4,2,17267,0,2,4.8,22,3,21,1,2,2,1,2,2,1,2,1,1,2,2,3,1,2,2,2,2,3,2
241,1,50,4,4,2,23904,0,2,34,155,3,29,1,3,3,2,2,2,2,3,3,2,3,2,2,1,3,2,1,3,3,3
242,2,49,4,5,NA,NA,0,1,11.1,31,1,27,2,4,3,2,4,NA,3,3,3,2,2,1,3,2,3,3,4,3,3,2
243,2,35,2,4,2,26564,1,2,20.5,102,3,17,1,4,4,3,4,3,4,3,3,3,2,4,2,3,4,2,3,2,2,3
244,1,37,3,4,2,24151,0,1,43.3,164,2,14,4,3,3,4,3,3,3,3,3,4,5,5,4,4,5,3,3,2,3,1
245,1,23,1,2,NA,NA,0,1,18,69,2,3,1,2,3,1,3,3,2,2,2,3,1,1,3,2,2,2,3,3,2,2
246,1,32,2,3,2,22275,0,2,23.3,115,4,11,3,4,3,3,5,2,2,3,3,3,2,2,2,2,3,3,3,3,2,2
247,2,65,5,2,1,10266,0,4,8.3,33,3,47,2,2,3,2,2,1,2,3,1,2,3,3,2,3,2,2,2,2,1,3
248,2,38,3,3,1,10693,0,1,4.4,14,5,17,2,4,3,2,2,2,3,4,2,3,4,3,2,2,3,3,2,3,5,4
249,1,36,3,4,2,24981,0,1,13,47,4,16,1,3,2,1,2,2,4,3,3,4,2,1,2,2,4,4,3,2,2,2
250,2,30,2,5,2,21824,0,3,6.3,22,1,9,3,2,2,2,2,2,2,2,2,2,2,4,1,2,3,2,2,1,2,2
251,2,37,3,5,2,16664,0,3,22,91,2,14,4,3,4,2,4,3,3,3,2,1,2,3,2,3,4,4,3,5,4,4
252,2,31,2,4,1,9478,0,3,4,18,3,12,2,3,2,3,3,NA,3,4,4,3,3,3,1,3,4,3,4,5,4,3
253,1,32,2,4,2,16991,0,3,11.1,32,2,9,1,4,3,2,3,3,3,3,3,2,2,3,1,2,4,2,1,1,2,1
254,2,43,3,4,NA,NA,0,2,27.3,136,2,21,2,3,2,2,1,2,1,2,1,1,3,4,3,2,2,2,3,2,2,2
255,2,40,3,2,3,36191,0,1,4.6,20,2,17,4,3,2,2,2,1,3,3,2,2,2,2,2,1,2,2,2,3,3,4
256,1,39,3,4,4,97360,1,1,37.4,108,3,17,2,1,1,1,1,1,2,2,2,1,2,1,2,3,2,1,1,2,1,3
257,2,43,3,4,1,13290,1,2,28.9,91,3,22,2,3,2,3,1,2,3,3,3,2,4,2,3,2,3,4,1,2,2,2
258,1,54,4,5,4,106159,0,2,5.7,21,3,33,1,2,2,2,3,2,3,2,2,2,3,2,2,2,1,1,1,1,2,2
259,2,36,3,4,4,93654,1,4,4.5,12,2,15,2,2,1,2,3,3,3,4,2,3,4,3,3,2,3,2,3,4,2,2
260,1,35,2,3,2,23322,0,2,12.8,51,1,13,1,2,1,2,2,2,3,3,2,1,2,4,2,2,2,2,1,2,3,1
261,1,44,3,4,2,25104,0,1,27.3,83,2,21,1,2,3,2,2,1,2,1,3,2,2,3,2,3,2,2,3,2,3,2
262,2,69,5,4,4,144939,1,4,6.1,18,2,49,3,2,2,2,3,2,2,4,2,2,3,3,3,3,3,2,2,3,2,3
263,1,62,5,3,3,33246,0,4,4.6,19,2,40,1,3,2,2,3,2,3,2,3,1,3,2,3,2,4,3,3,4,4,3
264,2,34,2,4,2,29654,1,2,3.4,17,1,12,2,2,1,1,1,3,1,3,2,2,3,4,3,2,5,4,3,3,3,3
265,1,22,1,4,2,25919,0,1,31.1,121,2,1,2,2,1,1,1,1,3,3,3,4,2,1,1,1,2,2,1,1,1,1
266,2,33,2,4,2,20054,0,3,3.6,17,3,11,1,3,3,2,3,3,2,2,2,2,3,2,2,1,4,4,3,3,2,2
267,2,20,1,5,NA,NA,0,1,8.9,25,3,1,1,2,2,1,2,1,3,3,2,1,2,1,1,1,2,2,3,1,3,2
268,1,27,2,2,2,15566,0,4,6.1,17,1,5,3,4,2,3,3,2,3,5,5,3,3,4,3,3,4,4,3,3,3,3
269,1,38,3,2,4,113594,1,3,26.4,118,3,19,1,2,3,2,3,2,3,4,3,3,3,4,3,3,3,3,4,2,2,3
270,1,28,2,5,3,45390,1,2,11.5,53,2,9,1,4,3,2,4,2,3,3,2,3,4,4,3,3,3,3,3,3,3,3
271,1,32,2,3,2,18222,0,1,3.7,16,1,14,4,3,3,3,4,2,3,2,3,3,4,2,4,3,4,3,5,3,2,3
272,1,38,3,3,4,121315,1,3,16.3,70,1,19,1,3,3,1,3,3,2,2,2,1,2,3,3,1,3,2,2,2,1,1
273,1,24,1,1,4,137849,1,2,19.4,49,3,5,3,1,2,3,2,1,2,2,2,2,3,2,1,2,1,1,1,1,1,1
274,1,52,4,2,3,37511,0,4,46.6,132,3,29,4,1,2,2,2,2,3,3,3,2,3,2,3,3,3,2,2,3,3,3
275,2,35,2,5,2,20986,0,1,6,15,1,12,2,4,4,2,4,3,2,3,2,3,4,3,3,2,5,4,4,2,4,4
276,1,31,2,4,2,20296,0,3,24,77,3,11,2,2,3,2,3,2,3,4,3,1,3,3,2,2,3,2,3,2,3,3
277,2,59,5,1,2,26026,0,2,3.9,17,3,37,2,2,2,1,2,1,3,3,3,3,3,2,4,3,3,2,2,2,2,2
278,1,28,2,4,1,8301,0,2,12.7,34,3,6,1,2,1,2,2,2,3,2,2,3,4,3,3,2,3,2,3,3,3,2
279,1,57,5,4,3,30309,0,4,5.1,16,4,35,2,2,2,3,1,2,2,3,2,3,3,3,2,3,2,3,2,1,2,3
280,1,24,1,2,1,10986,0,2,85.7,318,2,1,1,3,3,1,3,3,3,2,2,2,1,2,2,1,2,2,2,2,3,2
281,1,22,1,3,1,14317,0,2,21.8,61,6,1,1,2,3,2,3,3,3,2,2,2,2,3,3,2,2,3,3,3,1,2
282,1,28,2,4,3,37643,0,2,9.6,39,3,5,1,3,4,2,2,3,3,2,3,4,4,5,4,4,4,4,4,2,4,3
283,2,37,3,5,3,40680,0,1,11.4,29,2,18,1,4,3,3,4,2,2,2,2,3,3,3,4,2,3,3,2,2,3,3
284,2,50,4,1,4,128849,1,1,9.8,33,1,27,2,3,3,4,2,2,1,3,2,3,3,3,1,3,3,2,3,3,3,3
285,1,45,3,4,NA,NA,0,4,12.1,46,1,27,2,3,2,2,2,3,2,3,2,1,4,3,3,3,3,4,3,2,3,2
286,1,54,4,4,1,13184,0,4,26.3,104,3,36,2,3,3,2,3,1,3,2,2,3,5,3,3,3,4,2,2,3,4,3
287,1,21,1,5,NA,NA,0,3,13.3,48,5,1,3,2,1,1,2,1,3,3,3,3,2,3,1,2,3,2,3,2,3,2
288,1,27,2,4,3,35457,0,4,8.2,24,4,8,3,3,2,3,3,2,3,4,4,4,4,4,3,4,3,3,3,2,3,3
289,2,32,2,5,2,15999,0,3,6.6,32,5,11,3,3,3,2,2,3,5,4,4,3,3,3,3,4,3,4,3,3,3,3
290,2,31,2,4,2,19573,0,1,21.3,70,2,12,2,3,4,4,4,3,3,3,2,2,2,3,2,3,3,3,2,2,3,3
291,1,30,2,4,2,21331,0,2,6.2,24,2,9,2,1,1,1,2,2,2,3,2,2,4,4,3,4,3,2,3,3,2,3
292,2,21,1,3,2,26412,0,3,5.1,18,1,1,2,2,4,2,3,2,2,1,2,2,2,2,2,3,3,3,2,2,4,NA
293,1,57,5,5,3,45847,1,2,3.7,17,3,34,3,5,4,4,4,4,3,4,2,3,4,3,2,3,3,3,3,2,2,1
294,1,37,3,4,1,13119,0,4,14.6,66,6,14,2,2,2,2,2,2,2,2,3,1,3,2,3,1,4,3,2,2,3,3
295,1,34,2,1,2,25007,0,1,9.6,39,1,16,1,2,3,2,3,3,2,2,2,1,3,3,3,2,4,2,3,3,3,3
296,1,31,2,4,2,21763,0,4,19.7,59,3,8,2,3,4,3,2,2,2,2,3,1,3,3,2,2,3,3,3,2,3,2
297,1,48,4,3,2,26557,0,1,13.7,67,2,25,2,4,4,4,3,2,2,3,3,2,2,3,3,3,4,2,2,1,2,2
298,1,45,3,3,NA,NA,0,1,3.3,16,2,27,2,2,3,2,1,2,3,2,2,2,2,2,2,1,1,1,1,1,2,2
299,1,30,2,2,2,19346,0,1,19.6,76,2,10,4,2,2,1,2,1,4,4,2,2,3,3,2,1,2,2,2,1,1,2
300,1,44,3,3,4,93686,1,1,13.5,62,3,26,2,3,2,1,4,3,2,2,3,1,2,2,2,1,3,2,3,3,3,2
301,2,67,5,4,1,9592,0,3,8.8,43,2,47,3,4,3,2,4,3,3,3,2,3,2,2,1,1,2,3,3,2,2,2
302,2,63,5,4,3,38584,1,2,11.8,42,2,42,1,3,2,1,2,2,2,2,2,2,3,4,3,2,1,3,2,2,2,1
303,2,62,5,4,2,20255,0,1,31.1,124,1,39,1,2,2,1,3,2,5,3,3,3,2,2,2,1,2,2,3,2,4,4
304,1,44,3,4,4,113828,1,3,13.6,45,6,23,3,3,3,2,3,2,3,3,2,2,5,3,3,2,4,2,3,3,4,3
305,1,34,2,4,2,18483,0,3,19.2,55,1,15,4,4,3,2,4,3,4,3,4,3,3,3,2,2,4,3,4,4,1,2
306,2,69,5,4,3,30763,0,2,11.3,44,3,47,1,3,3,2,3,3,2,3,1,2,3,2,2,1,3,3,2,2,3,3
307,1,33,2,4,2,21884,0,3,21.5,93,2,10,1,3,2,2,1,1,2,3,1,1,4,1,2,1,3,4,2,2,3,2
308,1,20,1,3,NA,NA,0,1,14.6,73,2,1,1,3,2,2,3,3,2,3,1,3,2,4,3,3,2,3,2,4,4,4
309,1,40,3,2,4,72998,1,2,12.8,40,1,21,1,3,2,2,2,2,1,2,2,2,3,3,2,2,2,3,1,1,2,2
310,2,48,4,2,1,11256,0,3,7.1,30,3,30,1,3,3,3,4,2,5,5,3,4,4,3,3,2,4,3,3,3,3,2
311,1,44,3,4,3,37593,0,3,13.7,50,4,25,3,3,2,2,3,2,3,1,3,2,3,3,3,3,2,4,2,3,1,2
312,1,39,3,3,3,39270,1,2,20.9,70,5,16,4,3,1,2,2,1,3,1,2,3,2,2,2,1,3,2,3,2,1,3
313,2,21,1,4,1,11621,0,2,31,107,4,1,3,1,2,1,2,1,1,2,2,1,1,2,1,1,1,2,1,2,2,1
314,1,27,2,4,1,13610,0,1,16.3,74,5,4,3,2,1,2,2,1,2,2,1,2,2,2,2,2,2,1,1,2,2,1
315,1,31,2,4,1,13800,0,2,12.7,32,2,11,4,5,4,4,4,3,2,2,2,2,4,2,4,5,3,3,3,2,2,3
316,2,45,3,5,2,25673,0,4,30.4,90,3,27,3,2,1,2,2,1,3,2,2,2,3,3,2,2,2,4,4,1,3,2
317,2,28,2,2,1,9204,0,2,9,35,3,5,4,3,2,2,3,2,4,1,2,2,3,3,3,3,3,2,3,2,2,2
318,2,29,2,4,2,29630,0,4,3.6,15,3,10,2,2,3,1,3,3,3,4,3,2,2,2,1,2,4,4,4,3,2,2
319,2,28,2,4,2,21892,0,1,24.1,71,2,6,2,3,3,3,3,2,2,2,2,1,2,1,2,2,3,2,3,1,2,2
320,1,53,4,4,NA,NA,0,1,3.2,8,2,33,1,2,2,3,1,3,1,2,2,2,3,2,2,2,3,2,2,1,1,1
321,2,24,1,4,2,19540,0,1,5.2,25,3,4,2,2,2,1,2,2,1,3,1,1,3,4,3,3,4,3,3,2,3,2
322,1,43,3,2,1,8381,0,4,41.4,203,3,23,3,3,3,2,3,1,3,3,3,3,3,4,4,2,4,4,3,3,4,2
323,2,33,2,4,3,34126,0,2,30,119,3,14,1,3,3,3,4,2,2,3,2,3,2,2,2,2,2,2,3,2,3,NA
324,2,53,4,4,1,9860,0,2,22.2,79,3,30,1,1,1,1,2,3,3,3,2,1,3,2,1,1,3,2,2,3,3,4
325,1,43,3,4,4,58563,1,3,15.1,65,3,24,1,4,3,5,5,3,3,4,4,2,2,4,3,3,3,3,3,4,4,3
326,1,46,4,4,4,145534,0,1,5.9,26,3,26,4,3,3,2,2,2,3,4,2,3,3,4,4,4,3,2,2,3,2,NA
327,2,41,3,5,2,17871,0,2,10.5,34,3,20,1,3,1,1,3,1,1,2,1,2,3,2,3,2,1,1,1,1,2,2
328,1,49,4,4,3,44978,1,1,5.2,14,2,28,2,3,3,3,4,2,3,2,2,2,2,4,3,2,3,2,4,2,3,3
329,1,25,1,4,3,30997,0,1,17.5,79,4,4,1,1,1,1,1,1,2,1,2,1,2,2,3,1,2,3,3,2,4,3
330,2,67,5,4,3,37566,0,4,10.4,31,2,48,3,2,2,2,2,2,3,2,3,2,3,2,3,1,2,1,2,2,2,1
331,1,41,3,1,1,12520,0,1,26.8,113,2,20,2,3,2,2,2,2,4,3,4,2,2,2,3,2,4,2,2,3,4,3
332,1,32,2,3,2,19502,0,1,11.7,46,3,14,1,2,2,2,2,1,3,5,3,4,2,3,1,2,2,3,2,2,2,2
333,1,43,3,4,NA,NA,0,4,7.9,30,2,25,1,4,3,3,3,3,3,3,3,3,2,3,3,2,4,1,3,3,3,3
334,1,35,2,4,2,25656,0,4,14.1,55,3,16,1,2,2,1,2,1,3,2,2,2,3,3,2,1,4,3,3,3,2,3
335,1,44,3,3,2,26542,1,3,4,17,2,21,2,3,4,3,3,3,4,3,4,3,3,3,2,3,4,2,2,3,1,3
336,1,32,2,4,3,47433,0,1,4.2,16,2,13,3,1,2,2,2,2,1,2,1,3,2,1,1,1,1,1,2,2,1,1
337,1,38,3,1,1,9192,0,3,11.8,48,3,19,2,3,3,3,3,2,2,3,2,2,3,2,3,1,2,3,1,3,2,2
338,2,54,4,2,NA,NA,1,1,19.7,98,2,31,3,1,2,1,2,1,1,2,2,2,2,1,2,1,3,3,4,2,2,3
339,2,52,4,5,2,27894,0,1,26.3,107,4,31,2,3,2,3,2,2,2,3,2,3,2,2,1,2,3,3,2,2,3,4
340,1,22,1,2,2,21423,0,4,7.4,23,1,4,1,4,2,3,3,2,2,2,3,3,1,2,2,3,3,2,3,3,4,3
341,1,38,3,4,NA,NA,0,1,7.8,34,3,17,1,2,3,1,2,2,4,3,2,2,5,4,3,3,3,2,3,1,2,1
342,2,21,1,4,4,56690,1,3,36.2,150,5,1,3,1,1,1,1,1,2,2,2,3,3,2,3,3,2,2,1,3,3,2
343,2,28,2,4,3,36769,0,1,8.6,25,3,7,2,2,2,3,3,2,3,4,3,4,4,2,2,3,3,3,3,4,4,4
344,1,40,3,1,1,13199,0,2,11,53,3,20,1,3,3,1,3,2,2,3,2,3,3,3,3,3,3,3,3,2,3,3
345,1,34,2,4,2,22540,0,3,2.6,13,2,15,2,3,3,3,3,3,3,2,2,2,3,2,3,1,2,1,3,3,3,3
346,2,30,2,3,NA,NA,0,3,18.2,61,3,8,1,3,4,4,4,3,4,5,5,5,4,5,3,4,4,4,5,2,3,3
347,2,50,4,3,1,13582,0,3,10,26,5,28,3,3,1,1,1,1,3,3,2,4,1,1,1,2,2,1,1,1,2,2
348,1,44,3,5,2,29315,0,1,26.6,111,2,26,1,3,3,3,3,2,3,4,2,4,2,2,1,2,2,2,2,1,2,1
349,1,19,1,2,3,47634,0,1,14.8,60,2,1,1,3,1,1,3,1,1,1,1,2,2,3,2,2,2,1,2,2,3,2
350,2,38,3,4,2,17688,0,2,35.7,144,1,18,1,5,3,2,4,1,3,4,4,4,4,3,4,3,3,4,3,2,2,2
351,1,29,2,3,2,23900,1,1,6.9,30,2,11,3,2,2,2,1,3,2,4,2,2,3,2,3,2,3,1,3,2,2,3
352,2,38,3,2,3,46663,1,4,56.3,159,3,18,2,3,2,1,2,3,2,3,3,2,3,3,3,4,4,2,2,1,3,1
353,1,29,2,5,2,22852,0,3,7.5,35,2,6,1,3,3,3,2,3,2,4,2,4,1,3,2,1,2,3,2,2,2,3
354,1,23,1,2,2,25343,0,4,5.9,25,2,1,1,3,3,3,2,2,1,2,1,2,3,2,2,2,3,3,1,1,2,1
355,1,22,1,1,4,113581,1,1,18.8,73,4,2,3,1,1,1,1,1,1,2,1,1,2,1,1,1,1,1,1,1,1,2
356,2,49,4,3,2,23153,0,2,11.9,34,1,26,1,2,1,2,2,2,2,3,3,3,3,3,3,2,2,1,3,2,2,3
357,2,38,3,3,2,25273,1,2,8.7,30,2,20,1,3,3,3,3,2,3,3,2,2,3,3,3,3,3,3,3,2,3,3
358,1,30,2,2,2,21974,0,1,4.6,13,3,12,2,3,3,3,3,2,1,2,3,3,2,1,2,2,2,2,2,3,3,3
359,2,54,4,3,3,35903,0,2,15.1,67,3,36,2,3,4,1,3,3,3,4,4,2,2,4,3,2,3,3,4,3,5,3
360,1,37,3,4,2,16013,1,2,5.3,22,5,16,4,2,2,2,1,1,3,3,3,3,3,2,2,1,4,4,3,3,3,3
361,1,24,1,4,1,8375,0,2,19.3,91,1,1,3,3,3,2,2,2,2,3,2,3,2,2,3,2,1,2,2,1,1,1
362,1,32,2,4,3,33813,1,3,17.5,85,4,14,3,4,3,2,3,2,4,3,2,3,2,3,1,3,3,3,4,2,3,3
363,1,52,4,3,2,29694,0,1,5,25,2,31,3,3,1,1,2,1,2,2,2,2,2,1,1,1,2,3,2,1,3,2
364,1,24,1,4,2,27282,0,1,41.3,200,3,2,1,2,2,3,1,1,1,2,1,1,2,1,1,1,3,2,2,2,3,2
365,2,57,5,5,2,20815,0,4,13,44,5,34,2,2,3,2,2,2,4,3,2,3,2,3,3,3,2,2,2,1,1,1
366,1,24,1,4,3,35545,0,4,12.1,49,3,6,2,3,1,1,2,NA,2,3,3,3,3,3,2,3,3,3,3,3,4,NA
367,1,49,4,4,4,57352,1,3,18.4,82,4,31,3,3,3,1,3,2,2,3,3,4,3,3,3,2,3,3,2,2,3,3
368,1,37,3,2,1,10155,0,2,7.3,22,3,15,3,2,2,3,3,3,3,3,2,2,2,2,2,2,2,2,2,3,3,2
369,1,51,4,4,2,18760,0,2,28.5,114,2,32,1,3,2,3,3,2,4,2,3,1,2,3,1,3,3,3,1,3,2,1
370,1,27,2,3,1,10928,0,4,5.8,19,4,6,1,2,2,3,2,1,2,3,1,3,4,3,2,3,4,3,1,4,3,3
371,2,51,4,5,3,49159,1,3,13.8,53,6,30,3,4,5,4,4,3,3,3,3,2,3,2,3,3,4,3,3,3,3,2
372,1,32,2,4,4,103845,1,4,19.2,63,2,14,2,3,1,2,2,2,2,2,2,1,4,2,4,3,2,3,3,1,1,1
373,1,38,3,4,1,12348,0,4,11.6,58,5,20,4,3,2,2,2,2,2,3,1,3,5,5,4,4,3,4,4,2,1,3
374,2,25,1,4,2,28490,0,3,29.4,139,3,2,1,1,3,2,2,3,3,3,2,2,2,3,3,3,1,3,2,2,3,4
375,2,23,1,5,2,29752,0,3,7.5,34,4,5,4,3,2,2,3,2,3,3,3,1,3,3,2,2,3,2,3,2,3,1
376,1,47,4,5,1,8496,0,2,14,53,3,29,2,2,2,2,3,2,3,3,3,2,4,5,4,3,3,2,4,4,3,3
377,2,37,3,2,1,12695,0,2,10.8,28,5,15,3,3,4,1,2,NA,3,2,2,2,3,1,2,2,4,2,3,3,3,NA
378,2,22,1,4,2,26503,0,1,21.6,56,1,2,1,2,3,2,2,2,2,2,2,3,3,3,3,2,2,2,3,4,3,2
379,1,33,2,5,2,26684,0,2,13,33,3,15,1,5,5,3,4,3,2,3,2,2,3,3,2,3,4,5,5,4,3,3
380,2,23,1,3,2,28345,0,1,10.8,47,3,5,1,2,3,2,3,1,1,2,2,2,1,2,1,1,2,2,2,1,2,1
381,1,40,3,4,2,18252,0,1,6.3,28,3,17,2,3,4,2,2,NA,3,3,2,2,2,1,2,2,4,4,3,2,2,3
382,2,19,1,2,2,19401,0,2,8.1,24,3,1,4,2,4,2,3,1,2,2,3,1,1,1,1,2,1,2,2,2,2,1
383,1,25,1,3,3,34638,1,2,13.3,63,2,3,1,3,2,2,3,2,2,4,2,2,3,4,3,3,4,3,3,4,2,3
384,1,69,5,4,3,45004,1,2,10.1,31,3,51,2,2,3,3,2,1,2,3,3,4,2,2,2,2,3,3,3,3,4,2
385,2,30,2,5,3,39917,0,4,4.2,11,2,9,1,3,3,3,5,2,3,3,3,2,4,4,3,3,4,4,3,3,3,2
386,2,43,3,5,1,12953,0,1,7,34,2,25,2,3,2,2,2,2,3,2,3,2,3,3,3,3,2,3,3,3,3,3
387,1,44,3,4,3,30228,0,1,13.7,68,3,21,3,2,1,1,2,1,1,3,1,2,3,4,3,4,4,2,2,1,1,2
388,1,32,2,4,2,16768,0,3,2.9,11,3,11,2,3,2,3,3,3,3,2,3,1,2,1,2,1,3,3,1,1,2,1
389,1,39,3,2,1,13738,0,1,32.2,124,3,17,1,1,2,1,2,2,3,4,3,2,4,2,2,2,3,3,2,3,1,2
390,1,47,4,5,4,127228,1,4,9.4,33,2,25,3,3,3,3,4,3,2,4,1,3,4,4,3,3,4,3,3,2,3,3
391,1,41,3,1,2,20693,0,3,17.2,78,5,22,2,3,3,2,2,3,2,2,2,1,3,2,2,3,1,1,3,3,2,3
392,1,18,1,3,3,33986,0,1,16,46,3,1,1,4,3,3,2,3,4,4,5,3,2,2,1,2,4,3,2,3,3,3
393,1,33,2,2,2,20531,0,1,2.2,6,5,14,4,2,2,3,3,3,4,5,4,4,4,3,3,3,3,4,4,4,3,4
394,1,24,1,4,4,98186,1,1,11.5,52,1,3,1,2,2,1,2,3,1,2,1,1,2,2,1,3,1,2,1,1,1,1
395,2,47,4,3,4,99416,0,3,19.4,84,6,25,2,3,3,4,3,3,3,3,3,3,3,4,3,3,3,3,3,4,3,4
396,2,49,4,5,2,28394,0,1,21.3,80,1,27,3,3,3,2,2,2,3,4,3,2,4,4,4,4,3,3,3,2,4,2
397,2,43,3,3,1,12102,1,1,7.7,21,2,21,2,3,2,2,3,2,3,3,3,2,3,2,3,3,2,2,2,2,1,2
398,1,40,3,4,3,31719,1,4,6.8,32,2,21,2,3,2,3,3,1,3,3,2,3,2,2,2,1,2,1,2,1,1,2
399,1,29,2,4,3,47001,0,3,9.3,27,2,9,3,2,2,1,1,1,4,5,3,3,2,3,3,4,4,3,2,2,3,NA
400,1,43,3,4,1,11630,0,1,13.2,59,3,22,1,1,1,2,3,2,2,2,1,1,2,1,1,2,4,3,3,3,2,2
401,2,31,2,3,3,45557,0,2,2.5,6,6,13,1,4,4,4,4,2,4,3,4,4,3,4,3,4,4,4,3,3,4,NA
402,2,29,2,3,NA,NA,0,1,21.4,84,6,7,4,3,3,2,3,2,3,3,2,3,3,3,3,2,4,3,2,3,2,3
403,1,42,3,2,2,21402,1,2,6.6,25,3,23,1,3,3,3,2,2,4,3,4,4,3,2,2,2,3,2,4,2,3,2
404,1,27,2,2,3,35332,0,1,21.6,95,2,7,1,2,2,2,1,2,2,2,2,2,4,4,2,2,2,3,3,2,2,2
405,1,19,1,3,2,26432,0,4,5.7,18,3,1,1,3,3,3,4,3,2,3,1,2,2,3,3,3,3,2,2,2,1,4
406,1,21,1,4,1,12603,0,1,2.5,7,3,1,2,2,1,2,2,2,2,2,1,2,2,4,4,3,2,2,2,2,3,2
407,2,44,3,5,4,61078,1,3,6.3,20,2,26,1,3,2,1,3,2,3,3,4,4,2,4,2,3,4,1,2,4,3,3
408,2,27,2,2,4,62692,1,1,5.2,22,2,8,4,3,2,3,3,1,2,3,2,2,4,4,3,2,2,2,2,4,2,4
409,2,31,2,2,4,107201,0,2,35.9,103,4,8,1,3,3,2,3,3,2,4,2,2,3,3,3,2,3,3,3,3,2,2
410,1,23,1,2,2,25995,0,3,36.2,151,3,2,3,3,3,2,3,2,3,3,1,3,3,3,1,1,3,3,2,2,2,2
411,2,40,3,5,3,44368,0,1,11.7,52,2,18,3,3,2,3,3,3,1,3,3,2,3,3,3,2,4,5,3,4,3,3
412,2,47,4,3,3,49586,0,1,3.5,11,2,25,2,2,3,3,2,2,2,1,2,1,3,2,2,2,3,3,1,2,1,NA
413,1,30,2,4,4,68170,0,3,25.5,107,3,8,2,2,2,2,2,3,2,2,3,3,3,3,4,3,4,3,2,3,2,3
414,2,25,1,4,3,48113,0,3,14.4,42,3,6,4,3,3,2,3,NA,2,3,3,2,3,2,2,2,3,3,2,2,2,1
415,2,44,3,4,4,148619,1,4,20.8,93,2,23,1,3,4,3,4,2,3,2,3,3,2,2,3,1,3,3,2,4,2,2
416,1,38,3,2,2,18735,0,3,7.2,23,2,16,2,2,2,2,2,1,2,2,3,1,2,4,3,2,1,2,1,1,3,2
417,1,36,3,5,3,38515,0,4,28.2,112,2,18,1,3,2,2,2,2,4,3,3,3,2,2,1,1,3,2,2,1,2,2
418,1,35,2,5,3,39150,0,4,20.4,87,3,14,4,2,2,1,3,2,2,2,4,2,4,3,2,2,2,2,2,1,1,2
419,1,61,5,4,3,40361,1,4,31.7,149,2,39,3,2,1,1,1,2,2,1,2,2,2,2,1,2,3,2,4,1,2,2
420,2,25,1,3,3,36789,1,3,21.1,73,2,3,2,3,2,2,3,3,2,3,3,2,2,3,3,2,3,3,2,2,3,2
421,1,29,2,4,2,20898,0,2,24.5,76,2,11,4,2,1,2,1,2,4,3,2,2,2,4,2,2,3,2,2,4,3,3
422,1,41,3,5,2,21662,0,1,3.3,13,3,19,2,4,3,4,3,2,3,4,3,3,4,4,3,2,4,3,3,2,2,3
423,2,40,3,5,2,26004,0,1,9.7,42,2,21,2,2,3,2,2,1,3,3,3,2,2,1,2,2,4,2,3,3,2,3
424,1,34,2,3,2,29072,1,1,8.4,23,5,16,2,2,1,2,3,2,2,1,2,3,2,2,2,2,2,2,2,3,4,3
425,2,32,2,4,2,21072,0,3,5.2,18,2,13,1,4,4,3,2,2,5,4,3,3,3,3,1,2,3,2,4,2,3,2
426,1,33,2,5,NA,NA,0,1,4.7,16,4,12,2,3,2,1,2,3,3,4,3,3,3,2,2,4,2,2,3,3,4,3
427,1,38,3,4,1,13904,0,4,12.3,45,2,20,4,3,1,4,4,3,2,4,3,2,4,3,5,2,4,2,3,3,3,3
428,1,28,2,2,3,41670,0,2,36.1,112,4,6,3,2,2,1,1,2,2,3,2,2,1,2,1,1,3,3,1,2,2,3
429,2,41,3,2,1,12409,0,3,10.2,51,2,23,3,3,2,1,3,2,3,4,2,2,3,3,2,3,4,3,3,3,3,3
430,1,29,2,4,1,13109,0,2,6.7,27,3,10,3,4,4,3,3,2,2,2,3,3,4,3,3,3,4,3,3,3,3,2
431,1,24,1,4,2,19472,0,3,11.9,46,2,1,3,4,4,4,4,3,4,4,3,3,3,4,2,3,4,5,5,3,2,3
432,2,22,1,3,3,49158,1,1,12.6,63,3,3,2,4,3,3,5,3,2,3,1,2,2,3,2,2,3,1,3,2,3,2
433,2,29,2,4,2,21572,1,4,14.3,69,2,8,3,3,3,4,3,2,3,3,2,2,3,2,1,2,3,3,2,2,3,2
434,1,23,1,2,3,46920,0,3,7,25,3,5,2,2,2,1,2,2,3,2,1,2,2,3,2,1,3,3,3,3,2,2
435,1,51,4,2,3,47455,0,3,7.8,34,2,32,1,2,3,3,4,2,2,3,2,4,2,2,3,2,3,3,1,1,2,1
436,1,26,2,3,2,26537,1,1,8.1,25,4,6,2,3,3,2,2,3,3,2,2,2,3,3,3,3,4,3,3,3,3,1
437,1,38,3,4,2,21585,0,1,19.5,80,2,16,3,2,1,1,2,1,1,3,2,3,3,1,3,3,2,3,2,1,2,1
438,2,51,4,4,2,20023,0,4,5.7,17,3,32,1,2,2,2,2,2,3,4,3,2,2,2,2,2,3,3,3,3,2,2
439,1,32,2,4,2,27021,1,1,9.7,47,1,11,1,2,2,1,2,1,4,3,4,3,2,2,2,3,2,2,2,3,4,3
440,1,28,2,3,2,15690,0,3,4.7,20,2,6,1,4,2,2,4,1,3,4,3,2,5,3,4,2,4,3,3,3,3,3
441,1,37,3,5,2,21545,0,3,16.5,82,3,15,2,1,1,3,2,1,1,2,3,1,4,3,3,3,3,3,4,2,2,3
442,1,42,3,4,2,28917,0,3,25.5,84,4,20,4,4,3,2,4,3,5,4,4,4,5,5,5,4,3,4,3,4,4,4
443,1,32,2,2,NA,NA,0,1,14.9,68,3,11,4,2,3,2,2,NA,2,3,2,1,2,2,1,2,2,2,2,1,2,2
444,1,53,4,4,NA,NA,0,1,6.1,25,5,35,3,3,1,2,2,2,1,2,1,2,3,3,1,3,2,1,1,2,2,2
445,2,30,2,4,1,10589,0,1,7.1,29,2,7,2,4,3,4,3,3,3,4,3,2,3,3,3,3,4,4,3,5,5,3
446,2,44,3,4,3,40621,1,1,69.6,191,2,22,3,1,2,2,2,1,1,1,2,2,1,3,2,1,2,1,2,2,4,3
447,1,40,3,4,NA,NA,0,1,3.2,8,1,20,4,3,1,1,2,1,3,2,2,2,2,3,2,3,1,1,2,2,2,2
448,2,44,3,4,4,126779,1,4,3.3,16,2,22,3,2,2,1,2,1,5,5,3,3,4,3,3,2,4,3,3,3,3,3
449,1,48,4,5,3,48162,0,3,1.2,4,2,25,4,2,2,1,3,3,3,4,3,3,3,2,2,2,2,3,3,2,3,2
450,1,33,2,4,2,20220,0,2,21.9,77,4,10,3,3,2,1,3,2,2,3,3,1,4,2,3,2,3,2,2,2,2,1
